departamento,ubigeo_departamento_sintetico,mesa_codigo_ejemplo,agrupacion,candidato,votos,pct_votos_validos,pct_votos_emitidos,actas_contabilizadas_pct,actas_enviadas_jee,actas_pendientes,votos_validos_departamento,votos_emitidos_departamento,votos_blancos_departamento,votos_nulos_departamento,votos_impugnados_departamento,electores_habiles_departamento,orden_en_grafico_original,votos_validos_total,votos_emitidos_total,electores_habiles_referencial,nota
Amazonas,140000,000001,Fuerza Popular,K. Fujimori,49526,16.248,13.74,99.837,3,0,304806,360443,21633,33906,98,544624,1,16197147,19747057,27325431,Sintetico inspirado en estructura publica de resultados ONPE; no usar como resultado oficial.
Amazonas,140000,000001,Juntos por el Peru,R. Sanchez,27490,9.019,7.627,99.837,3,0,304806,360443,21633,33906,98,544624,2,16197147,19747057,27325431,Sintetico inspirado en estructura publica de resultados ONPE; no usar como resultado oficial.
Amazonas,140000,000001,Renovacion Popular,R. Lopez Aliaga,36377,11.934,10.092,99.837,3,0,304806,360443,21633,33906,98,544624,3,16197147,19747057,27325431,Sintetico inspirado en estructura publica de resultados ONPE; no usar como resultado oficial.
Amazonas,140000,000001,Partido del Buen Gobierno,J. Nieto,40637,13.332,11.274,99.837,3,0,304806,360443,21633,33906,98,544624,4,16197147,19747057,27325431,Sintetico inspirado en estructura publica de resultados ONPE; no usar como resultado oficial.
Amazonas,140000,000001,Partido Civico Obras,R. Belmont,32961,10.814,9.145,99.837,3,0,304806,360443,21633,33906,98,544624,5,16197147,19747057,27325431,Sintetico inspirado en estructura publica de resultados ONPE; no usar como resultado oficial.
Amazonas,140000,000001,Ahora Nacion,P. Lopez Chau,22718,7.453,6.303,99.837,3,0,304806,360443,21633,33906,98,544624,6,16197147,19747057,27325431,Sintetico inspirado en estructura publica de resultados ONPE; no usar como resultado oficial.
Amazonas,140000,000001,Pais para Todos,C. Alvarez,17039,5.59,4.727,99.837,3,0,304806,360443,21633,33906,98,544624,7,16197147,19747057,27325431,Sintetico inspirado en estructura publica de resultados ONPE; no usar como resultado oficial.
Amazonas,140000,000001,Otros,Varias candidaturas,78058,25.609,21.656,99.837,3,0,304806,360443,21633,33906,98,544624,8,16197147,19747057,27325431,Sintetico inspirado en estructura publica de resultados ONPE; no usar como resultado oficial.
Ancash,140100,000002,Fuerza Popular,K. Fujimori,92563,12.79,9.848,100.0,0,0,723690,939898,80003,133678,2527,1240204,1,16197147,19747057,27325431,Sintetico inspirado en estructura publica de resultados ONPE; no usar como resultado oficial.
Ancash,140100,000002,Juntos por el Peru,R. Sanchez,90883,12.558,9.669,100.0,0,0,723690,939898,80003,133678,2527,1240204,2,16197147,19747057,27325431,Sintetico inspirado en estructura publica de resultados ONPE; no usar como resultado oficial.
Ancash,140100,000002,Renovacion Popular,R. Lopez Aliaga,69971,9.669,7.445,100.0,0,0,723690,939898,80003,133678,2527,1240204,3,16197147,19747057,27325431,Sintetico inspirado en estructura publica de resultados ONPE; no usar como resultado oficial.
Ancash,140100,000002,Partido del Buen Gobierno,J. Nieto,100461,13.882,10.689,100.0,0,0,723690,939898,80003,133678,2527,1240204,4,16197147,19747057,27325431,Sintetico inspirado en estructura publica de resultados ONPE; no usar como resultado oficial.
Ancash,140100,000002,Partido Civico Obras,R. Belmont,75947,10.494,8.08,100.0,0,0,723690,939898,80003,133678,2527,1240204,5,16197147,19747057,27325431,Sintetico inspirado en estructura publica de resultados ONPE; no usar como resultado oficial.
Ancash,140100,000002,Ahora Nacion,P. Lopez Chau,55983,7.736,5.956,100.0,0,0,723690,939898,80003,133678,2527,1240204,6,16197147,19747057,27325431,Sintetico inspirado en estructura publica de resultados ONPE; no usar como resultado oficial.
Ancash,140100,000002,Pais para Todos,C. Alvarez,65596,9.064,6.979,100.0,0,0,723690,939898,80003,133678,2527,1240204,7,16197147,19747057,27325431,Sintetico inspirado en estructura publica de resultados ONPE; no usar como resultado oficial.
Ancash,140100,000002,Otros,Varias candidaturas,172286,23.807,18.33,100.0,0,0,723690,939898,80003,133678,2527,1240204,8,16197147,19747057,27325431,Sintetico inspirado en estructura publica de resultados ONPE; no usar como resultado oficial.
Apurimac,140200,900003,Fuerza Popular,K. Fujimori,39292,8.006,6.03,99.909,3,0,490769,651645,66324,92256,2296,968954,1,16197147,19747057,27325431,Sintetico inspirado en estructura publica de resultados ONPE; no usar como resultado oficial.
Apurimac,140200,900003,Juntos por el Peru,R. Sanchez,65255,13.296,10.014,99.909,3,0,490769,651645,66324,92256,2296,968954,2,16197147,19747057,27325431,Sintetico inspirado en estructura publica de resultados ONPE; no usar como resultado oficial.
Apurimac,140200,900003,Renovacion Popular,R. Lopez Aliaga,64886,13.221,9.957,99.909,3,0,490769,651645,66324,92256,2296,968954,3,16197147,19747057,27325431,Sintetico inspirado en estructura publica de resultados ONPE; no usar como resultado oficial.
Apurimac,140200,900003,Partido del Buen Gobierno,J. Nieto,59998,12.225,9.207,99.909,3,0,490769,651645,66324,92256,2296,968954,4,16197147,19747057,27325431,Sintetico inspirado en estructura publica de resultados ONPE; no usar como resultado oficial.
Apurimac,140200,900003,Partido Civico Obras,R. Belmont,61133,12.457,9.381,99.909,3,0,490769,651645,66324,92256,2296,968954,5,16197147,19747057,27325431,Sintetico inspirado en estructura publica de resultados ONPE; no usar como resultado oficial.
Apurimac,140200,900003,Ahora Nacion,P. Lopez Chau,48961,9.976,7.513,99.909,3,0,490769,651645,66324,92256,2296,968954,6,16197147,19747057,27325431,Sintetico inspirado en estructura publica de resultados ONPE; no usar como resultado oficial.
Apurimac,140200,900003,Pais para Todos,C. Alvarez,40293,8.21,6.183,99.909,3,0,490769,651645,66324,92256,2296,968954,7,16197147,19747057,27325431,Sintetico inspirado en estructura publica de resultados ONPE; no usar como resultado oficial.
Apurimac,140200,900003,Otros,Varias candidaturas,110951,22.608,17.026,99.909,3,0,490769,651645,66324,92256,2296,968954,8,16197147,19747057,27325431,Sintetico inspirado en estructura publica de resultados ONPE; no usar como resultado oficial.
Arequipa,140300,000004,Fuerza Popular,K. Fujimori,52636,14.183,12.218,99.803,4,0,371127,430802,25828,32765,1082,598615,1,16197147,19747057,27325431,Sintetico inspirado en estructura publica de resultados ONPE; no usar como resultado oficial.
Arequipa,140300,000004,Juntos por el Peru,R. Sanchez,49301,13.284,11.444,99.803,4,0,371127,430802,25828,32765,1082,598615,2,16197147,19747057,27325431,Sintetico inspirado en estructura publica de resultados ONPE; no usar como resultado oficial.
Arequipa,140300,000004,Renovacion Popular,R. Lopez Aliaga,57186,15.409,13.274,99.803,4,0,371127,430802,25828,32765,1082,598615,3,16197147,19747057,27325431,Sintetico inspirado en estructura publica de resultados ONPE; no usar como resultado oficial.
Arequipa,140300,000004,Partido del Buen Gobierno,J. Nieto,41672,11.229,9.673,99.803,4,0,371127,430802,25828,32765,1082,598615,4,16197147,19747057,27325431,Sintetico inspirado en estructura publica de resultados ONPE; no usar como resultado oficial.
Arequipa,140300,000004,Partido Civico Obras,R. Belmont,40197,10.831,9.331,99.803,4,0,371127,430802,25828,32765,1082,598615,5,16197147,19747057,27325431,Sintetico inspirado en estructura publica de resultados ONPE; no usar como resultado oficial.
Arequipa,140300,000004,Ahora Nacion,P. Lopez Chau,23922,6.446,5.553,99.803,4,0,371127,430802,25828,32765,1082,598615,6,16197147,19747057,27325431,Sintetico inspirado en estructura publica de resultados ONPE; no usar como resultado oficial.
Arequipa,140300,000004,Pais para Todos,C. Alvarez,27936,7.527,6.485,99.803,4,0,371127,430802,25828,32765,1082,598615,7,16197147,19747057,27325431,Sintetico inspirado en estructura publica de resultados ONPE; no usar como resultado oficial.
Arequipa,140300,000004,Otros,Varias candidaturas,78277,21.092,18.17,99.803,4,0,371127,430802,25828,32765,1082,598615,8,16197147,19747057,27325431,Sintetico inspirado en estructura publica de resultados ONPE; no usar como resultado oficial.
Ayacucho,140400,000005,Fuerza Popular,K. Fujimori,27505,13.087,10.806,99.916,1,0,210174,254525,14264,29247,840,351956,1,16197147,19747057,27325431,Sintetico inspirado en estructura publica de resultados ONPE; no usar como resultado oficial.
Ayacucho,140400,000005,Juntos por el Peru,R. Sanchez,40096,19.078,15.753,99.916,1,0,210174,254525,14264,29247,840,351956,2,16197147,19747057,27325431,Sintetico inspirado en estructura publica de resultados ONPE; no usar como resultado oficial.
Ayacucho,140400,000005,Renovacion Popular,R. Lopez Aliaga,14666,6.978,5.762,99.916,1,0,210174,254525,14264,29247,840,351956,3,16197147,19747057,27325431,Sintetico inspirado en estructura publica de resultados ONPE; no usar como resultado oficial.
Ayacucho,140400,000005,Partido del Buen Gobierno,J. Nieto,12016,5.717,4.721,99.916,1,0,210174,254525,14264,29247,840,351956,4,16197147,19747057,27325431,Sintetico inspirado en estructura publica de resultados ONPE; no usar como resultado oficial.
Ayacucho,140400,000005,Partido Civico Obras,R. Belmont,27613,13.138,10.849,99.916,1,0,210174,254525,14264,29247,840,351956,5,16197147,19747057,27325431,Sintetico inspirado en estructura publica de resultados ONPE; no usar como resultado oficial.
Ayacucho,140400,000005,Ahora Nacion,P. Lopez Chau,12986,6.179,5.102,99.916,1,0,210174,254525,14264,29247,840,351956,6,16197147,19747057,27325431,Sintetico inspirado en estructura publica de resultados ONPE; no usar como resultado oficial.
Ayacucho,140400,000005,Pais para Todos,C. Alvarez,21853,10.398,8.586,99.916,1,0,210174,254525,14264,29247,840,351956,7,16197147,19747057,27325431,Sintetico inspirado en estructura publica de resultados ONPE; no usar como resultado oficial.
Ayacucho,140400,000005,Otros,Varias candidaturas,53439,25.426,20.996,99.916,1,0,210174,254525,14264,29247,840,351956,8,16197147,19747057,27325431,Sintetico inspirado en estructura publica de resultados ONPE; no usar como resultado oficial.
Cajamarca,140500,000006,Fuerza Popular,K. Fujimori,161588,24.991,20.288,100.0,0,0,646594,796485,67701,82190,0,1065858,1,16197147,19747057,27325431,Sintetico inspirado en estructura publica de resultados ONPE; no usar como resultado oficial.
Cajamarca,140500,000006,Juntos por el Peru,R. Sanchez,76855,11.886,9.649,100.0,0,0,646594,796485,67701,82190,0,1065858,2,16197147,19747057,27325431,Sintetico inspirado en estructura publica de resultados ONPE; no usar como resultado oficial.
Cajamarca,140500,000006,Renovacion Popular,R. Lopez Aliaga,65825,10.18,8.264,100.0,0,0,646594,796485,67701,82190,0,1065858,3,16197147,19747057,27325431,Sintetico inspirado en estructura publica de resultados ONPE; no usar como resultado oficial.
Cajamarca,140500,000006,Partido del Buen Gobierno,J. Nieto,49772,7.698,6.249,100.0,0,0,646594,796485,67701,82190,0,1065858,4,16197147,19747057,27325431,Sintetico inspirado en estructura publica de resultados ONPE; no usar como resultado oficial.
Cajamarca,140500,000006,Partido Civico Obras,R. Belmont,74275,11.487,9.325,100.0,0,0,646594,796485,67701,82190,0,1065858,5,16197147,19747057,27325431,Sintetico inspirado en estructura publica de resultados ONPE; no usar como resultado oficial.
Cajamarca,140500,000006,Ahora Nacion,P. Lopez Chau,28818,4.457,3.618,100.0,0,0,646594,796485,67701,82190,0,1065858,6,16197147,19747057,27325431,Sintetico inspirado en estructura publica de resultados ONPE; no usar como resultado oficial.
Cajamarca,140500,000006,Pais para Todos,C. Alvarez,37597,5.815,4.72,100.0,0,0,646594,796485,67701,82190,0,1065858,7,16197147,19747057,27325431,Sintetico inspirado en estructura publica de resultados ONPE; no usar como resultado oficial.
Cajamarca,140500,000006,Otros,Varias candidaturas,151864,23.487,19.067,100.0,0,0,646594,796485,67701,82190,0,1065858,8,16197147,19747057,27325431,Sintetico inspirado en estructura publica de resultados ONPE; no usar como resultado oficial.
Callao,140600,000007,Fuerza Popular,K. Fujimori,80277,15.617,12.595,99.966,1,0,514050,637351,38953,83866,482,860603,1,16197147,19747057,27325431,Sintetico inspirado en estructura publica de resultados ONPE; no usar como resultado oficial.
Callao,140600,000007,Juntos por el Peru,R. Sanchez,51233,9.967,8.038,99.966,1,0,514050,637351,38953,83866,482,860603,2,16197147,19747057,27325431,Sintetico inspirado en estructura publica de resultados ONPE; no usar como resultado oficial.
Callao,140600,000007,Renovacion Popular,R. Lopez Aliaga,114461,22.267,17.959,99.966,1,0,514050,637351,38953,83866,482,860603,3,16197147,19747057,27325431,Sintetico inspirado en estructura publica de resultados ONPE; no usar como resultado oficial.
Callao,140600,000007,Partido del Buen Gobierno,J. Nieto,52629,10.238,8.257,99.966,1,0,514050,637351,38953,83866,482,860603,4,16197147,19747057,27325431,Sintetico inspirado en estructura publica de resultados ONPE; no usar como resultado oficial.
Callao,140600,000007,Partido Civico Obras,R. Belmont,53277,10.364,8.359,99.966,1,0,514050,637351,38953,83866,482,860603,5,16197147,19747057,27325431,Sintetico inspirado en estructura publica de resultados ONPE; no usar como resultado oficial.
Callao,140600,000007,Ahora Nacion,P. Lopez Chau,29271,5.694,4.593,99.966,1,0,514050,637351,38953,83866,482,860603,6,16197147,19747057,27325431,Sintetico inspirado en estructura publica de resultados ONPE; no usar como resultado oficial.
Callao,140600,000007,Pais para Todos,C. Alvarez,39086,7.604,6.133,99.966,1,0,514050,637351,38953,83866,482,860603,7,16197147,19747057,27325431,Sintetico inspirado en estructura publica de resultados ONPE; no usar como resultado oficial.
Callao,140600,000007,Otros,Varias candidaturas,93816,18.25,14.72,99.966,1,0,514050,637351,38953,83866,482,860603,8,16197147,19747057,27325431,Sintetico inspirado en estructura publica de resultados ONPE; no usar como resultado oficial.
Cusco,140700,900008,Fuerza Popular,K. Fujimori,93434,18.811,15.244,99.931,2,0,496689,612928,54768,59193,2278,853287,1,16197147,19747057,27325431,Sintetico inspirado en estructura publica de resultados ONPE; no usar como resultado oficial.
Cusco,140700,900008,Juntos por el Peru,R. Sanchez,49329,9.932,8.048,99.931,2,0,496689,612928,54768,59193,2278,853287,2,16197147,19747057,27325431,Sintetico inspirado en estructura publica de resultados ONPE; no usar como resultado oficial.
Cusco,140700,900008,Renovacion Popular,R. Lopez Aliaga,43868,8.832,7.157,99.931,2,0,496689,612928,54768,59193,2278,853287,3,16197147,19747057,27325431,Sintetico inspirado en estructura publica de resultados ONPE; no usar como resultado oficial.
Cusco,140700,900008,Partido del Buen Gobierno,J. Nieto,64246,12.935,10.482,99.931,2,0,496689,612928,54768,59193,2278,853287,4,16197147,19747057,27325431,Sintetico inspirado en estructura publica de resultados ONPE; no usar como resultado oficial.
Cusco,140700,900008,Partido Civico Obras,R. Belmont,65348,13.157,10.662,99.931,2,0,496689,612928,54768,59193,2278,853287,5,16197147,19747057,27325431,Sintetico inspirado en estructura publica de resultados ONPE; no usar como resultado oficial.
Cusco,140700,900008,Ahora Nacion,P. Lopez Chau,47881,9.64,7.812,99.931,2,0,496689,612928,54768,59193,2278,853287,6,16197147,19747057,27325431,Sintetico inspirado en estructura publica de resultados ONPE; no usar como resultado oficial.
Cusco,140700,900008,Pais para Todos,C. Alvarez,42881,8.633,6.996,99.931,2,0,496689,612928,54768,59193,2278,853287,7,16197147,19747057,27325431,Sintetico inspirado en estructura publica de resultados ONPE; no usar como resultado oficial.
Cusco,140700,900008,Otros,Varias candidaturas,89702,18.06,14.635,99.931,2,0,496689,612928,54768,59193,2278,853287,8,16197147,19747057,27325431,Sintetico inspirado en estructura publica de resultados ONPE; no usar como resultado oficial.
Huancavelica,140800,000009,Fuerza Popular,K. Fujimori,54278,9.337,7.935,99.666,10,0,581294,684075,49045,52309,1427,884332,1,16197147,19747057,27325431,Sintetico inspirado en estructura publica de resultados ONPE; no usar como resultado oficial.
Huancavelica,140800,000009,Juntos por el Peru,R. Sanchez,96516,16.604,14.109,99.666,10,0,581294,684075,49045,52309,1427,884332,2,16197147,19747057,27325431,Sintetico inspirado en estructura publica de resultados ONPE; no usar como resultado oficial.
Huancavelica,140800,000009,Renovacion Popular,R. Lopez Aliaga,62626,10.774,9.155,99.666,10,0,581294,684075,49045,52309,1427,884332,3,16197147,19747057,27325431,Sintetico inspirado en estructura publica de resultados ONPE; no usar como resultado oficial.
Huancavelica,140800,000009,Partido del Buen Gobierno,J. Nieto,67652,11.638,9.89,99.666,10,0,581294,684075,49045,52309,1427,884332,4,16197147,19747057,27325431,Sintetico inspirado en estructura publica de resultados ONPE; no usar como resultado oficial.
Huancavelica,140800,000009,Partido Civico Obras,R. Belmont,69813,12.01,10.205,99.666,10,0,581294,684075,49045,52309,1427,884332,5,16197147,19747057,27325431,Sintetico inspirado en estructura publica de resultados ONPE; no usar como resultado oficial.
Huancavelica,140800,000009,Ahora Nacion,P. Lopez Chau,33056,5.687,4.832,99.666,10,0,581294,684075,49045,52309,1427,884332,6,16197147,19747057,27325431,Sintetico inspirado en estructura publica de resultados ONPE; no usar como resultado oficial.
Huancavelica,140800,000009,Pais para Todos,C. Alvarez,38779,6.671,5.669,99.666,10,0,581294,684075,49045,52309,1427,884332,7,16197147,19747057,27325431,Sintetico inspirado en estructura publica de resultados ONPE; no usar como resultado oficial.
Huancavelica,140800,000009,Otros,Varias candidaturas,158574,27.279,23.181,99.666,10,0,581294,684075,49045,52309,1427,884332,8,16197147,19747057,27325431,Sintetico inspirado en estructura publica de resultados ONPE; no usar como resultado oficial.
Huanuco,140900,000010,Fuerza Popular,K. Fujimori,61463,17.918,15.15,99.72,5,0,343022,405687,34724,27525,416,527117,1,16197147,19747057,27325431,Sintetico inspirado en estructura publica de resultados ONPE; no usar como resultado oficial.
Huanuco,140900,000010,Juntos por el Peru,R. Sanchez,39587,11.541,9.758,99.72,5,0,343022,405687,34724,27525,416,527117,2,16197147,19747057,27325431,Sintetico inspirado en estructura publica de resultados ONPE; no usar como resultado oficial.
Huanuco,140900,000010,Renovacion Popular,R. Lopez Aliaga,33096,9.648,8.158,99.72,5,0,343022,405687,34724,27525,416,527117,3,16197147,19747057,27325431,Sintetico inspirado en estructura publica de resultados ONPE; no usar como resultado oficial.
Huanuco,140900,000010,Partido del Buen Gobierno,J. Nieto,48638,14.179,11.989,99.72,5,0,343022,405687,34724,27525,416,527117,4,16197147,19747057,27325431,Sintetico inspirado en estructura publica de resultados ONPE; no usar como resultado oficial.
Huanuco,140900,000010,Partido Civico Obras,R. Belmont,33734,9.834,8.315,99.72,5,0,343022,405687,34724,27525,416,527117,5,16197147,19747057,27325431,Sintetico inspirado en estructura publica de resultados ONPE; no usar como resultado oficial.
Huanuco,140900,000010,Ahora Nacion,P. Lopez Chau,21570,6.288,5.317,99.72,5,0,343022,405687,34724,27525,416,527117,6,16197147,19747057,27325431,Sintetico inspirado en estructura publica de resultados ONPE; no usar como resultado oficial.
Huanuco,140900,000010,Pais para Todos,C. Alvarez,25490,7.431,6.283,99.72,5,0,343022,405687,34724,27525,416,527117,7,16197147,19747057,27325431,Sintetico inspirado en estructura publica de resultados ONPE; no usar como resultado oficial.
Huanuco,140900,000010,Otros,Varias candidaturas,79444,23.16,19.583,99.72,5,0,343022,405687,34724,27525,416,527117,8,16197147,19747057,27325431,Sintetico inspirado en estructura publica de resultados ONPE; no usar como resultado oficial.
Ica,141000,000011,Fuerza Popular,K. Fujimori,80442,22.857,20.02,99.756,5,0,351936,401801,20799,29066,0,605368,1,16197147,19747057,27325431,Sintetico inspirado en estructura publica de resultados ONPE; no usar como resultado oficial.
Ica,141000,000011,Juntos por el Peru,R. Sanchez,26798,7.614,6.669,99.756,5,0,351936,401801,20799,29066,0,605368,2,16197147,19747057,27325431,Sintetico inspirado en estructura publica de resultados ONPE; no usar como resultado oficial.
Ica,141000,000011,Renovacion Popular,R. Lopez Aliaga,47981,13.633,11.941,99.756,5,0,351936,401801,20799,29066,0,605368,3,16197147,19747057,27325431,Sintetico inspirado en estructura publica de resultados ONPE; no usar como resultado oficial.
Ica,141000,000011,Partido del Buen Gobierno,J. Nieto,46770,13.289,11.64,99.756,5,0,351936,401801,20799,29066,0,605368,4,16197147,19747057,27325431,Sintetico inspirado en estructura publica de resultados ONPE; no usar como resultado oficial.
Ica,141000,000011,Partido Civico Obras,R. Belmont,32722,9.298,8.144,99.756,5,0,351936,401801,20799,29066,0,605368,5,16197147,19747057,27325431,Sintetico inspirado en estructura publica de resultados ONPE; no usar como resultado oficial.
Ica,141000,000011,Ahora Nacion,P. Lopez Chau,31907,9.066,7.941,99.756,5,0,351936,401801,20799,29066,0,605368,6,16197147,19747057,27325431,Sintetico inspirado en estructura publica de resultados ONPE; no usar como resultado oficial.
Ica,141000,000011,Pais para Todos,C. Alvarez,21974,6.244,5.469,99.756,5,0,351936,401801,20799,29066,0,605368,7,16197147,19747057,27325431,Sintetico inspirado en estructura publica de resultados ONPE; no usar como resultado oficial.
Ica,141000,000011,Otros,Varias candidaturas,63342,17.998,15.765,99.756,5,0,351936,401801,20799,29066,0,605368,8,16197147,19747057,27325431,Sintetico inspirado en estructura publica de resultados ONPE; no usar como resultado oficial.
Junin,141100,000012,Fuerza Popular,K. Fujimori,106683,14.541,12.561,99.952,2,0,733665,849304,45803,67312,2524,1217350,1,16197147,19747057,27325431,Sintetico inspirado en estructura publica de resultados ONPE; no usar como resultado oficial.
Junin,141100,000012,Juntos por el Peru,R. Sanchez,129827,17.696,15.286,99.952,2,0,733665,849304,45803,67312,2524,1217350,2,16197147,19747057,27325431,Sintetico inspirado en estructura publica de resultados ONPE; no usar como resultado oficial.
Junin,141100,000012,Renovacion Popular,R. Lopez Aliaga,68946,9.397,8.118,99.952,2,0,733665,849304,45803,67312,2524,1217350,3,16197147,19747057,27325431,Sintetico inspirado en estructura publica de resultados ONPE; no usar como resultado oficial.
Junin,141100,000012,Partido del Buen Gobierno,J. Nieto,87900,11.981,10.35,99.952,2,0,733665,849304,45803,67312,2524,1217350,4,16197147,19747057,27325431,Sintetico inspirado en estructura publica de resultados ONPE; no usar como resultado oficial.
Junin,141100,000012,Partido Civico Obras,R. Belmont,103346,14.086,12.168,99.952,2,0,733665,849304,45803,67312,2524,1217350,5,16197147,19747057,27325431,Sintetico inspirado en estructura publica de resultados ONPE; no usar como resultado oficial.
Junin,141100,000012,Ahora Nacion,P. Lopez Chau,38859,5.297,4.575,99.952,2,0,733665,849304,45803,67312,2524,1217350,6,16197147,19747057,27325431,Sintetico inspirado en estructura publica de resultados ONPE; no usar como resultado oficial.
Junin,141100,000012,Pais para Todos,C. Alvarez,46738,6.37,5.503,99.952,2,0,733665,849304,45803,67312,2524,1217350,7,16197147,19747057,27325431,Sintetico inspirado en estructura publica de resultados ONPE; no usar como resultado oficial.
Junin,141100,000012,Otros,Varias candidaturas,151366,20.631,17.822,99.952,2,0,733665,849304,45803,67312,2524,1217350,8,16197147,19747057,27325431,Sintetico inspirado en estructura publica de resultados ONPE; no usar como resultado oficial.
La Libertad,141200,000013,Fuerza Popular,K. Fujimori,120214,20.547,16.859,99.776,8,0,585073,713042,59573,66214,2182,1055768,1,16197147,19747057,27325431,Sintetico inspirado en estructura publica de resultados ONPE; no usar como resultado oficial.
La Libertad,141200,000013,Juntos por el Peru,R. Sanchez,64622,11.045,9.063,99.776,8,0,585073,713042,59573,66214,2182,1055768,2,16197147,19747057,27325431,Sintetico inspirado en estructura publica de resultados ONPE; no usar como resultado oficial.
La Libertad,141200,000013,Renovacion Popular,R. Lopez Aliaga,84820,14.497,11.896,99.776,8,0,585073,713042,59573,66214,2182,1055768,3,16197147,19747057,27325431,Sintetico inspirado en estructura publica de resultados ONPE; no usar como resultado oficial.
La Libertad,141200,000013,Partido del Buen Gobierno,J. Nieto,44859,7.667,6.291,99.776,8,0,585073,713042,59573,66214,2182,1055768,4,16197147,19747057,27325431,Sintetico inspirado en estructura publica de resultados ONPE; no usar como resultado oficial.
La Libertad,141200,000013,Partido Civico Obras,R. Belmont,48849,8.349,6.851,99.776,8,0,585073,713042,59573,66214,2182,1055768,5,16197147,19747057,27325431,Sintetico inspirado en estructura publica de resultados ONPE; no usar como resultado oficial.
La Libertad,141200,000013,Ahora Nacion,P. Lopez Chau,53358,9.12,7.483,99.776,8,0,585073,713042,59573,66214,2182,1055768,6,16197147,19747057,27325431,Sintetico inspirado en estructura publica de resultados ONPE; no usar como resultado oficial.
La Libertad,141200,000013,Pais para Todos,C. Alvarez,24455,4.18,3.43,99.776,8,0,585073,713042,59573,66214,2182,1055768,7,16197147,19747057,27325431,Sintetico inspirado en estructura publica de resultados ONPE; no usar como resultado oficial.
La Libertad,141200,000013,Otros,Varias candidaturas,143896,24.595,20.181,99.776,8,0,585073,713042,59573,66214,2182,1055768,8,16197147,19747057,27325431,Sintetico inspirado en estructura publica de resultados ONPE; no usar como resultado oficial.
Lambayeque,141300,000014,Fuerza Popular,K. Fujimori,142086,20.052,17.097,100.0,0,0,708593,831077,47134,72615,2735,1158702,1,16197147,19747057,27325431,Sintetico inspirado en estructura publica de resultados ONPE; no usar como resultado oficial.
Lambayeque,141300,000014,Juntos por el Peru,R. Sanchez,81420,11.49,9.797,100.0,0,0,708593,831077,47134,72615,2735,1158702,2,16197147,19747057,27325431,Sintetico inspirado en estructura publica de resultados ONPE; no usar como resultado oficial.
Lambayeque,141300,000014,Renovacion Popular,R. Lopez Aliaga,87425,12.338,10.519,100.0,0,0,708593,831077,47134,72615,2735,1158702,3,16197147,19747057,27325431,Sintetico inspirado en estructura publica de resultados ONPE; no usar como resultado oficial.
Lambayeque,141300,000014,Partido del Buen Gobierno,J. Nieto,94955,13.4,11.426,100.0,0,0,708593,831077,47134,72615,2735,1158702,4,16197147,19747057,27325431,Sintetico inspirado en estructura publica de resultados ONPE; no usar como resultado oficial.
Lambayeque,141300,000014,Partido Civico Obras,R. Belmont,65957,9.308,7.936,100.0,0,0,708593,831077,47134,72615,2735,1158702,5,16197147,19747057,27325431,Sintetico inspirado en estructura publica de resultados ONPE; no usar como resultado oficial.
Lambayeque,141300,000014,Ahora Nacion,P. Lopez Chau,36324,5.126,4.371,100.0,0,0,708593,831077,47134,72615,2735,1158702,6,16197147,19747057,27325431,Sintetico inspirado en estructura publica de resultados ONPE; no usar como resultado oficial.
Lambayeque,141300,000014,Pais para Todos,C. Alvarez,63000,8.891,7.581,100.0,0,0,708593,831077,47134,72615,2735,1158702,7,16197147,19747057,27325431,Sintetico inspirado en estructura publica de resultados ONPE; no usar como resultado oficial.
Lambayeque,141300,000014,Otros,Varias candidaturas,137426,19.394,16.536,100.0,0,0,708593,831077,47134,72615,2735,1158702,8,16197147,19747057,27325431,Sintetico inspirado en estructura publica de resultados ONPE; no usar como resultado oficial.
Lima,141400,000015,Fuerza Popular,K. Fujimori,892270,18.904,15.255,99.805,54,0,4720028,5849116,384799,721965,22324,8153085,1,16197147,19747057,27325431,Sintetico inspirado en estructura publica de resultados ONPE; no usar como resultado oficial.
Lima,141400,000015,Juntos por el Peru,R. Sanchez,517045,10.954,8.84,99.805,54,0,4720028,5849116,384799,721965,22324,8153085,2,16197147,19747057,27325431,Sintetico inspirado en estructura publica de resultados ONPE; no usar como resultado oficial.
Lima,141400,000015,Renovacion Popular,R. Lopez Aliaga,855767,18.131,14.631,99.805,54,0,4720028,5849116,384799,721965,22324,8153085,3,16197147,19747057,27325431,Sintetico inspirado en estructura publica de resultados ONPE; no usar como resultado oficial.
Lima,141400,000015,Partido del Buen Gobierno,J. Nieto,587752,12.452,10.049,99.805,54,0,4720028,5849116,384799,721965,22324,8153085,4,16197147,19747057,27325431,Sintetico inspirado en estructura publica de resultados ONPE; no usar como resultado oficial.
Lima,141400,000015,Partido Civico Obras,R. Belmont,267436,5.666,4.572,99.805,54,0,4720028,5849116,384799,721965,22324,8153085,5,16197147,19747057,27325431,Sintetico inspirado en estructura publica de resultados ONPE; no usar como resultado oficial.
Lima,141400,000015,Ahora Nacion,P. Lopez Chau,265597,5.627,4.541,99.805,54,0,4720028,5849116,384799,721965,22324,8153085,6,16197147,19747057,27325431,Sintetico inspirado en estructura publica de resultados ONPE; no usar como resultado oficial.
Lima,141400,000015,Pais para Todos,C. Alvarez,241931,5.126,4.136,99.805,54,0,4720028,5849116,384799,721965,22324,8153085,7,16197147,19747057,27325431,Sintetico inspirado en estructura publica de resultados ONPE; no usar como resultado oficial.
Lima,141400,000015,Otros,Varias candidaturas,1092230,23.14,18.673,99.805,54,0,4720028,5849116,384799,721965,22324,8153085,8,16197147,19747057,27325431,Sintetico inspirado en estructura publica de resultados ONPE; no usar como resultado oficial.
Loreto,141500,000016,Fuerza Popular,K. Fujimori,58629,14.44,12.24,99.951,1,0,406015,478993,33694,37942,1342,603797,1,16197147,19747057,27325431,Sintetico inspirado en estructura publica de resultados ONPE; no usar como resultado oficial.
Loreto,141500,000016,Juntos por el Peru,R. Sanchez,38705,9.533,8.08,99.951,1,0,406015,478993,33694,37942,1342,603797,2,16197147,19747057,27325431,Sintetico inspirado en estructura publica de resultados ONPE; no usar como resultado oficial.
Loreto,141500,000016,Renovacion Popular,R. Lopez Aliaga,38169,9.401,7.969,99.951,1,0,406015,478993,33694,37942,1342,603797,3,16197147,19747057,27325431,Sintetico inspirado en estructura publica de resultados ONPE; no usar como resultado oficial.
Loreto,141500,000016,Partido del Buen Gobierno,J. Nieto,51098,12.585,10.668,99.951,1,0,406015,478993,33694,37942,1342,603797,4,16197147,19747057,27325431,Sintetico inspirado en estructura publica de resultados ONPE; no usar como resultado oficial.
Loreto,141500,000016,Partido Civico Obras,R. Belmont,40196,9.9,8.392,99.951,1,0,406015,478993,33694,37942,1342,603797,5,16197147,19747057,27325431,Sintetico inspirado en estructura publica de resultados ONPE; no usar como resultado oficial.
Loreto,141500,000016,Ahora Nacion,P. Lopez Chau,37073,9.131,7.74,99.951,1,0,406015,478993,33694,37942,1342,603797,6,16197147,19747057,27325431,Sintetico inspirado en estructura publica de resultados ONPE; no usar como resultado oficial.
Loreto,141500,000016,Pais para Todos,C. Alvarez,26242,6.463,5.479,99.951,1,0,406015,478993,33694,37942,1342,603797,7,16197147,19747057,27325431,Sintetico inspirado en estructura publica de resultados ONPE; no usar como resultado oficial.
Loreto,141500,000016,Otros,Varias candidaturas,115903,28.546,24.197,99.951,1,0,406015,478993,33694,37942,1342,603797,8,16197147,19747057,27325431,Sintetico inspirado en estructura publica de resultados ONPE; no usar como resultado oficial.
Moquegua,141600,000017,Fuerza Popular,K. Fujimori,29139,18.429,14.447,99.793,2,0,158111,201689,16899,26319,360,284817,1,16197147,19747057,27325431,Sintetico inspirado en estructura publica de resultados ONPE; no usar como resultado oficial.
Moquegua,141600,000017,Juntos por el Peru,R. Sanchez,17375,10.989,8.615,99.793,2,0,158111,201689,16899,26319,360,284817,2,16197147,19747057,27325431,Sintetico inspirado en estructura publica de resultados ONPE; no usar como resultado oficial.
Moquegua,141600,000017,Renovacion Popular,R. Lopez Aliaga,22755,14.392,11.282,99.793,2,0,158111,201689,16899,26319,360,284817,3,16197147,19747057,27325431,Sintetico inspirado en estructura publica de resultados ONPE; no usar como resultado oficial.
Moquegua,141600,000017,Partido del Buen Gobierno,J. Nieto,15007,9.491,7.441,99.793,2,0,158111,201689,16899,26319,360,284817,4,16197147,19747057,27325431,Sintetico inspirado en estructura publica de resultados ONPE; no usar como resultado oficial.
Moquegua,141600,000017,Partido Civico Obras,R. Belmont,9003,5.694,4.464,99.793,2,0,158111,201689,16899,26319,360,284817,5,16197147,19747057,27325431,Sintetico inspirado en estructura publica de resultados ONPE; no usar como resultado oficial.
Moquegua,141600,000017,Ahora Nacion,P. Lopez Chau,11837,7.487,5.869,99.793,2,0,158111,201689,16899,26319,360,284817,6,16197147,19747057,27325431,Sintetico inspirado en estructura publica de resultados ONPE; no usar como resultado oficial.
Moquegua,141600,000017,Pais para Todos,C. Alvarez,11907,7.531,5.904,99.793,2,0,158111,201689,16899,26319,360,284817,7,16197147,19747057,27325431,Sintetico inspirado en estructura publica de resultados ONPE; no usar como resultado oficial.
Moquegua,141600,000017,Otros,Varias candidaturas,41088,25.987,20.372,99.793,2,0,158111,201689,16899,26319,360,284817,8,16197147,19747057,27325431,Sintetico inspirado en estructura publica de resultados ONPE; no usar como resultado oficial.
Pasco,141700,000018,Fuerza Popular,K. Fujimori,130468,16.323,13.438,99.907,4,0,799284,970891,64994,104548,2065,1272766,1,16197147,19747057,27325431,Sintetico inspirado en estructura publica de resultados ONPE; no usar como resultado oficial.
Pasco,141700,000018,Juntos por el Peru,R. Sanchez,109110,13.651,11.238,99.907,4,0,799284,970891,64994,104548,2065,1272766,2,16197147,19747057,27325431,Sintetico inspirado en estructura publica de resultados ONPE; no usar como resultado oficial.
Pasco,141700,000018,Renovacion Popular,R. Lopez Aliaga,55384,6.929,5.704,99.907,4,0,799284,970891,64994,104548,2065,1272766,3,16197147,19747057,27325431,Sintetico inspirado en estructura publica de resultados ONPE; no usar como resultado oficial.
Pasco,141700,000018,Partido del Buen Gobierno,J. Nieto,91999,11.51,9.476,99.907,4,0,799284,970891,64994,104548,2065,1272766,4,16197147,19747057,27325431,Sintetico inspirado en estructura publica de resultados ONPE; no usar como resultado oficial.
Pasco,141700,000018,Partido Civico Obras,R. Belmont,73725,9.224,7.594,99.907,4,0,799284,970891,64994,104548,2065,1272766,5,16197147,19747057,27325431,Sintetico inspirado en estructura publica de resultados ONPE; no usar como resultado oficial.
Pasco,141700,000018,Ahora Nacion,P. Lopez Chau,66301,8.295,6.829,99.907,4,0,799284,970891,64994,104548,2065,1272766,6,16197147,19747057,27325431,Sintetico inspirado en estructura publica de resultados ONPE; no usar como resultado oficial.
Pasco,141700,000018,Pais para Todos,C. Alvarez,60308,7.545,6.212,99.907,4,0,799284,970891,64994,104548,2065,1272766,7,16197147,19747057,27325431,Sintetico inspirado en estructura publica de resultados ONPE; no usar como resultado oficial.
Pasco,141700,000018,Otros,Varias candidaturas,211989,26.522,21.834,99.907,4,0,799284,970891,64994,104548,2065,1272766,8,16197147,19747057,27325431,Sintetico inspirado en estructura publica de resultados ONPE; no usar como resultado oficial.
Piura,141800,000019,Fuerza Popular,K. Fujimori,71563,12.933,10.571,99.842,5,0,553345,676971,57164,65273,1189,932810,1,16197147,19747057,27325431,Sintetico inspirado en estructura publica de resultados ONPE; no usar como resultado oficial.
Piura,141800,000019,Juntos por el Peru,R. Sanchez,86187,15.576,12.731,99.842,5,0,553345,676971,57164,65273,1189,932810,2,16197147,19747057,27325431,Sintetico inspirado en estructura publica de resultados ONPE; no usar como resultado oficial.
Piura,141800,000019,Renovacion Popular,R. Lopez Aliaga,72321,13.07,10.683,99.842,5,0,553345,676971,57164,65273,1189,932810,3,16197147,19747057,27325431,Sintetico inspirado en estructura publica de resultados ONPE; no usar como resultado oficial.
Piura,141800,000019,Partido del Buen Gobierno,J. Nieto,60959,11.016,9.005,99.842,5,0,553345,676971,57164,65273,1189,932810,4,16197147,19747057,27325431,Sintetico inspirado en estructura publica de resultados ONPE; no usar como resultado oficial.
Piura,141800,000019,Partido Civico Obras,R. Belmont,68474,12.375,10.115,99.842,5,0,553345,676971,57164,65273,1189,932810,5,16197147,19747057,27325431,Sintetico inspirado en estructura publica de resultados ONPE; no usar como resultado oficial.
Piura,141800,000019,Ahora Nacion,P. Lopez Chau,38192,6.902,5.642,99.842,5,0,553345,676971,57164,65273,1189,932810,6,16197147,19747057,27325431,Sintetico inspirado en estructura publica de resultados ONPE; no usar como resultado oficial.
Piura,141800,000019,Pais para Todos,C. Alvarez,40836,7.38,6.032,99.842,5,0,553345,676971,57164,65273,1189,932810,7,16197147,19747057,27325431,Sintetico inspirado en estructura publica de resultados ONPE; no usar como resultado oficial.
Piura,141800,000019,Otros,Varias candidaturas,114813,20.749,16.96,99.842,5,0,553345,676971,57164,65273,1189,932810,8,16197147,19747057,27325431,Sintetico inspirado en estructura publica de resultados ONPE; no usar como resultado oficial.
Puno,141900,900020,Fuerza Popular,K. Fujimori,15020,6.208,5.082,99.869,2,0,241961,295529,23372,29633,563,450444,1,16197147,19747057,27325431,Sintetico inspirado en estructura publica de resultados ONPE; no usar como resultado oficial.
Puno,141900,900020,Juntos por el Peru,R. Sanchez,44591,18.429,15.089,99.869,2,0,241961,295529,23372,29633,563,450444,2,16197147,19747057,27325431,Sintetico inspirado en estructura publica de resultados ONPE; no usar como resultado oficial.
Puno,141900,900020,Renovacion Popular,R. Lopez Aliaga,40855,16.885,13.824,99.869,2,0,241961,295529,23372,29633,563,450444,3,16197147,19747057,27325431,Sintetico inspirado en estructura publica de resultados ONPE; no usar como resultado oficial.
Puno,141900,900020,Partido del Buen Gobierno,J. Nieto,30975,12.802,10.481,99.869,2,0,241961,295529,23372,29633,563,450444,4,16197147,19747057,27325431,Sintetico inspirado en estructura publica de resultados ONPE; no usar como resultado oficial.
Puno,141900,900020,Partido Civico Obras,R. Belmont,22024,9.102,7.452,99.869,2,0,241961,295529,23372,29633,563,450444,5,16197147,19747057,27325431,Sintetico inspirado en estructura publica de resultados ONPE; no usar como resultado oficial.
Puno,141900,900020,Ahora Nacion,P. Lopez Chau,13467,5.566,4.557,99.869,2,0,241961,295529,23372,29633,563,450444,6,16197147,19747057,27325431,Sintetico inspirado en estructura publica de resultados ONPE; no usar como resultado oficial.
Puno,141900,900020,Pais para Todos,C. Alvarez,18471,7.634,6.25,99.869,2,0,241961,295529,23372,29633,563,450444,7,16197147,19747057,27325431,Sintetico inspirado en estructura publica de resultados ONPE; no usar como resultado oficial.
Puno,141900,900020,Otros,Varias candidaturas,56558,23.375,19.138,99.869,2,0,241961,295529,23372,29633,563,450444,8,16197147,19747057,27325431,Sintetico inspirado en estructura publica de resultados ONPE; no usar como resultado oficial.
San Martin,142000,000021,Fuerza Popular,K. Fujimori,114804,17.067,14.306,99.812,7,0,672667,802466,62200,65137,2462,1098387,1,16197147,19747057,27325431,Sintetico inspirado en estructura publica de resultados ONPE; no usar como resultado oficial.
San Martin,142000,000021,Juntos por el Peru,R. Sanchez,92170,13.702,11.486,99.812,7,0,672667,802466,62200,65137,2462,1098387,2,16197147,19747057,27325431,Sintetico inspirado en estructura publica de resultados ONPE; no usar como resultado oficial.
San Martin,142000,000021,Renovacion Popular,R. Lopez Aliaga,99146,14.739,12.355,99.812,7,0,672667,802466,62200,65137,2462,1098387,3,16197147,19747057,27325431,Sintetico inspirado en estructura publica de resultados ONPE; no usar como resultado oficial.
San Martin,142000,000021,Partido del Buen Gobierno,J. Nieto,79496,11.818,9.906,99.812,7,0,672667,802466,62200,65137,2462,1098387,4,16197147,19747057,27325431,Sintetico inspirado en estructura publica de resultados ONPE; no usar como resultado oficial.
San Martin,142000,000021,Partido Civico Obras,R. Belmont,81576,12.127,10.166,99.812,7,0,672667,802466,62200,65137,2462,1098387,5,16197147,19747057,27325431,Sintetico inspirado en estructura publica de resultados ONPE; no usar como resultado oficial.
San Martin,142000,000021,Ahora Nacion,P. Lopez Chau,79488,11.817,9.905,99.812,7,0,672667,802466,62200,65137,2462,1098387,6,16197147,19747057,27325431,Sintetico inspirado en estructura publica de resultados ONPE; no usar como resultado oficial.
San Martin,142000,000021,Pais para Todos,C. Alvarez,36119,5.37,4.501,99.812,7,0,672667,802466,62200,65137,2462,1098387,7,16197147,19747057,27325431,Sintetico inspirado en estructura publica de resultados ONPE; no usar como resultado oficial.
San Martin,142000,000021,Otros,Varias candidaturas,89868,13.36,11.199,99.812,7,0,672667,802466,62200,65137,2462,1098387,8,16197147,19747057,27325431,Sintetico inspirado en estructura publica de resultados ONPE; no usar como resultado oficial.
Tacna,142100,000022,Fuerza Popular,K. Fujimori,132581,19.563,16.459,99.837,6,0,677706,805545,40667,86858,314,1088584,1,16197147,19747057,27325431,Sintetico inspirado en estructura publica de resultados ONPE; no usar como resultado oficial.
Tacna,142100,000022,Juntos por el Peru,R. Sanchez,56532,8.342,7.018,99.837,6,0,677706,805545,40667,86858,314,1088584,2,16197147,19747057,27325431,Sintetico inspirado en estructura publica de resultados ONPE; no usar como resultado oficial.
Tacna,142100,000022,Renovacion Popular,R. Lopez Aliaga,68878,10.163,8.55,99.837,6,0,677706,805545,40667,86858,314,1088584,3,16197147,19747057,27325431,Sintetico inspirado en estructura publica de resultados ONPE; no usar como resultado oficial.
Tacna,142100,000022,Partido del Buen Gobierno,J. Nieto,81380,12.008,10.102,99.837,6,0,677706,805545,40667,86858,314,1088584,4,16197147,19747057,27325431,Sintetico inspirado en estructura publica de resultados ONPE; no usar como resultado oficial.
Tacna,142100,000022,Partido Civico Obras,R. Belmont,88221,13.018,10.952,99.837,6,0,677706,805545,40667,86858,314,1088584,5,16197147,19747057,27325431,Sintetico inspirado en estructura publica de resultados ONPE; no usar como resultado oficial.
Tacna,142100,000022,Ahora Nacion,P. Lopez Chau,35771,5.278,4.441,99.837,6,0,677706,805545,40667,86858,314,1088584,6,16197147,19747057,27325431,Sintetico inspirado en estructura publica de resultados ONPE; no usar como resultado oficial.
Tacna,142100,000022,Pais para Todos,C. Alvarez,39932,5.892,4.957,99.837,6,0,677706,805545,40667,86858,314,1088584,7,16197147,19747057,27325431,Sintetico inspirado en estructura publica de resultados ONPE; no usar como resultado oficial.
Tacna,142100,000022,Otros,Varias candidaturas,174411,25.735,21.651,99.837,6,0,677706,805545,40667,86858,314,1088584,8,16197147,19747057,27325431,Sintetico inspirado en estructura publica de resultados ONPE; no usar como resultado oficial.
Tumbes,142200,000023,Fuerza Popular,K. Fujimori,48642,14.836,12.147,99.894,2,0,327872,400429,19861,52568,128,556279,1,16197147,19747057,27325431,Sintetico inspirado en estructura publica de resultados ONPE; no usar como resultado oficial.
Tumbes,142200,000023,Juntos por el Peru,R. Sanchez,46104,14.062,11.514,99.894,2,0,327872,400429,19861,52568,128,556279,2,16197147,19747057,27325431,Sintetico inspirado en estructura publica de resultados ONPE; no usar como resultado oficial.
Tumbes,142200,000023,Renovacion Popular,R. Lopez Aliaga,28577,8.716,7.137,99.894,2,0,327872,400429,19861,52568,128,556279,3,16197147,19747057,27325431,Sintetico inspirado en estructura publica de resultados ONPE; no usar como resultado oficial.
Tumbes,142200,000023,Partido del Buen Gobierno,J. Nieto,42224,12.878,10.545,99.894,2,0,327872,400429,19861,52568,128,556279,4,16197147,19747057,27325431,Sintetico inspirado en estructura publica de resultados ONPE; no usar como resultado oficial.
Tumbes,142200,000023,Partido Civico Obras,R. Belmont,36799,11.224,9.19,99.894,2,0,327872,400429,19861,52568,128,556279,5,16197147,19747057,27325431,Sintetico inspirado en estructura publica de resultados ONPE; no usar como resultado oficial.
Tumbes,142200,000023,Ahora Nacion,P. Lopez Chau,32514,9.917,8.12,99.894,2,0,327872,400429,19861,52568,128,556279,6,16197147,19747057,27325431,Sintetico inspirado en estructura publica de resultados ONPE; no usar como resultado oficial.
Tumbes,142200,000023,Pais para Todos,C. Alvarez,24630,7.512,6.151,99.894,2,0,327872,400429,19861,52568,128,556279,7,16197147,19747057,27325431,Sintetico inspirado en estructura publica de resultados ONPE; no usar como resultado oficial.
Tumbes,142200,000023,Otros,Varias candidaturas,68382,20.856,17.077,99.894,2,0,327872,400429,19861,52568,128,556279,8,16197147,19747057,27325431,Sintetico inspirado en estructura publica de resultados ONPE; no usar como resultado oficial.
Ucayali,142300,000024,Fuerza Popular,K. Fujimori,116093,20.062,16.671,99.659,11,0,578676,696365,56206,60189,1294,951724,1,16197147,19747057,27325431,Sintetico inspirado en estructura publica de resultados ONPE; no usar como resultado oficial.
Ucayali,142300,000024,Juntos por el Peru,R. Sanchez,61999,10.714,8.903,99.659,11,0,578676,696365,56206,60189,1294,951724,2,16197147,19747057,27325431,Sintetico inspirado en estructura publica de resultados ONPE; no usar como resultado oficial.
Ucayali,142300,000024,Renovacion Popular,R. Lopez Aliaga,82591,14.272,11.86,99.659,11,0,578676,696365,56206,60189,1294,951724,3,16197147,19747057,27325431,Sintetico inspirado en estructura publica de resultados ONPE; no usar como resultado oficial.
Ucayali,142300,000024,Partido del Buen Gobierno,J. Nieto,47596,8.225,6.835,99.659,11,0,578676,696365,56206,60189,1294,951724,4,16197147,19747057,27325431,Sintetico inspirado en estructura publica de resultados ONPE; no usar como resultado oficial.
Ucayali,142300,000024,Partido Civico Obras,R. Belmont,39730,6.866,5.705,99.659,11,0,578676,696365,56206,60189,1294,951724,5,16197147,19747057,27325431,Sintetico inspirado en estructura publica de resultados ONPE; no usar como resultado oficial.
Ucayali,142300,000024,Ahora Nacion,P. Lopez Chau,33706,5.825,4.84,99.659,11,0,578676,696365,56206,60189,1294,951724,6,16197147,19747057,27325431,Sintetico inspirado en estructura publica de resultados ONPE; no usar como resultado oficial.
Ucayali,142300,000024,Pais para Todos,C. Alvarez,60603,10.473,8.703,99.659,11,0,578676,696365,56206,60189,1294,951724,7,16197147,19747057,27325431,Sintetico inspirado en estructura publica de resultados ONPE; no usar como resultado oficial.
Ucayali,142300,000024,Otros,Varias candidaturas,136358,23.564,19.581,99.659,11,0,578676,696365,56206,60189,1294,951724,8,16197147,19747057,27325431,Sintetico inspirado en estructura publica de resultados ONPE; no usar como resultado oficial.
